10,Gaisce,Bronze,2019-05-02
10,Volunteer of the month,Rowing Ireland Volunteer of the month - October,2020-11-01
1,Achievement num: 0,Level: 02,2019-05-02
1,Volunteer of the month,Rowing Ireland Volunteer of the month - October,2020-11-01
1,Gaisce,Bronze,2019-05-02
2,Achievement num: 1,Level: 12,2019-05-02
2,Volunteer of the month,Rowing Ireland Volunteer of the month - October,2020-11-01
2,Gaisce,Bronze,2019-05-02
3,Achievement num: 2,Level: 22,2019-05-02
3,Volunteer of the month,Rowing Ireland Volunteer of the month - October,2020-11-01
3,Gaisce,Bronze,2019-05-02
562,Achievement 7,Gold,2012-05-09
562,Achieve everything,Well done,2019-02-18
